{
  "Version": 1,
  "ManifestType": "Publish",
  "Endpoints": [
    {
      "Route": "swagger-ui/fomedLogo.png",
      "AssetFile": "swagger-ui/fomedLogo.png",
      "Selectors": [],
      "ResponseHeaders": [
        {
          "Name": "Accept-Ranges",
          "Value": "bytes"
        },
        {
          "Name": "Cache-Control",
          "Value": "max-age=3600, must-revalidate"
        },
        {
          "Name": "Content-Length",
          "Value": "29163"
        },
        {
          "Name": "Content-Type",
          "Value": "image/png"
        },
        {
          "Name": "ETag",
          "Value": "\"HzXgrAnpQ5RZK5q30BX5YkNjJqBtpFCPNN8r3aA5NFw=\""
        },
        {
          "Name": "Last-Modified",
          "Value": "Fri, 10 Oct 2025 02:47:24 GMT"
        }
      ],
      "EndpointProperties": [
        {
          "Name": "integrity",
          "Value": "sha256-HzXgrAnpQ5RZK5q30BX5YkNjJqBtpFCPNN8r3aA5NFw="
        }
      ]
    },
    {
      "Route": "swagger-ui/fomedLogo.rp4dwr7kxr.png",
      "AssetFile": "swagger-ui/fomedLogo.png",
      "Selectors": [],
      "ResponseHeaders": [
        {
          "Name": "Accept-Ranges",
          "Value": "bytes"
        },
        {
          "Name": "Cache-Control",
          "Value": "max-age=31536000, immutable"
        },
        {
          "Name": "Content-Length",
          "Value": "29163"
        },
        {
          "Name": "Content-Type",
          "Value": "image/png"
        },
        {
          "Name": "ETag",
          "Value": "\"HzXgrAnpQ5RZK5q30BX5YkNjJqBtpFCPNN8r3aA5NFw=\""
        },
        {
          "Name": "Last-Modified",
          "Value": "Fri, 10 Oct 2025 02:47:24 GMT"
        }
      ],
      "EndpointProperties": [
        {
          "Name": "fingerprint",
          "Value": "rp4dwr7kxr"
        },
        {
          "Name": "integrity",
          "Value": "sha256-HzXgrAnpQ5RZK5q30BX5YkNjJqBtpFCPNN8r3aA5NFw="
        },
        {
          "Name": "label",
          "Value": "swagger-ui/fomedLogo.png"
        }
      ]
    },
    {
      "Route": "uploads/avatars/1_f3df3a94c4914957a3188964e491844a.dw9z6omagz.jpg",
      "AssetFile": "uploads/avatars/1_f3df3a94c4914957a3188964e491844a.jpg",
      "Selectors": [],
      "ResponseHeaders": [
        {
          "Name": "Accept-Ranges",
          "Value": "bytes"
        },
        {
          "Name": "Cache-Control",
          "Value": "max-age=31536000, immutable"
        },
        {
          "Name": "Content-Length",
          "Value": "49533"
        },
        {
          "Name": "Content-Type",
          "Value": "image/jpeg"
        },
        {
          "Name": "ETag",
          "Value": "\"3SI4qLPplXoAwgSYfNRnOeXOMKfMYCoPPj8TmW22Uk0=\""
        },
        {
          "Name": "Last-Modified",
          "Value": "Sun, 19 Oct 2025 02:59:58 GMT"
        }
      ],
      "EndpointProperties": [
        {
          "Name": "fingerprint",
          "Value": "dw9z6omagz"
        },
        {
          "Name": "integrity",
          "Value": "sha256-3SI4qLPplXoAwgSYfNRnOeXOMKfMYCoPPj8TmW22Uk0="
        },
        {
          "Name": "label",
          "Value": "uploads/avatars/1_f3df3a94c4914957a3188964e491844a.jpg"
        }
      ]
    },
    {
      "Route": "uploads/avatars/1_f3df3a94c4914957a3188964e491844a.jpg",
      "AssetFile": "uploads/avatars/1_f3df3a94c4914957a3188964e491844a.jpg",
      "Selectors": [],
      "ResponseHeaders": [
        {
          "Name": "Accept-Ranges",
          "Value": "bytes"
        },
        {
          "Name": "Cache-Control",
          "Value": "max-age=3600, must-revalidate"
        },
        {
          "Name": "Content-Length",
          "Value": "49533"
        },
        {
          "Name": "Content-Type",
          "Value": "image/jpeg"
        },
        {
          "Name": "ETag",
          "Value": "\"3SI4qLPplXoAwgSYfNRnOeXOMKfMYCoPPj8TmW22Uk0=\""
        },
        {
          "Name": "Last-Modified",
          "Value": "Sun, 19 Oct 2025 02:59:58 GMT"
        }
      ],
      "EndpointProperties": [
        {
          "Name": "integrity",
          "Value": "sha256-3SI4qLPplXoAwgSYfNRnOeXOMKfMYCoPPj8TmW22Uk0="
        }
      ]
    },
    {
      "Route": "uploads/avatars/5_620a373036c143a395c866054756beca.png",
      "AssetFile": "uploads/avatars/5_620a373036c143a395c866054756beca.png",
      "Selectors": [],
      "ResponseHeaders": [
        {
          "Name": "Accept-Ranges",
          "Value": "bytes"
        },
        {
          "Name": "Cache-Control",
          "Value": "max-age=3600, must-revalidate"
        },
        {
          "Name": "Content-Length",
          "Value": "1870"
        },
        {
          "Name": "Content-Type",
          "Value": "image/png"
        },
        {
          "Name": "ETag",
          "Value": "\"ktnzp9TQWJLJfVhBfyKiUeVBNTNxNn6sowuFMmulAJk=\""
        },
        {
          "Name": "Last-Modified",
          "Value": "Sat, 18 Oct 2025 17:07:55 GMT"
        }
      ],
      "EndpointProperties": [
        {
          "Name": "integrity",
          "Value": "sha256-ktnzp9TQWJLJfVhBfyKiUeVBNTNxNn6sowuFMmulAJk="
        }
      ]
    },
    {
      "Route": "uploads/avatars/5_620a373036c143a395c866054756beca.qts6373f95.png",
      "AssetFile": "uploads/avatars/5_620a373036c143a395c866054756beca.png",
      "Selectors": [],
      "ResponseHeaders": [
        {
          "Name": "Accept-Ranges",
          "Value": "bytes"
        },
        {
          "Name": "Cache-Control",
          "Value": "max-age=31536000, immutable"
        },
        {
          "Name": "Content-Length",
          "Value": "1870"
        },
        {
          "Name": "Content-Type",
          "Value": "image/png"
        },
        {
          "Name": "ETag",
          "Value": "\"ktnzp9TQWJLJfVhBfyKiUeVBNTNxNn6sowuFMmulAJk=\""
        },
        {
          "Name": "Last-Modified",
          "Value": "Sat, 18 Oct 2025 17:07:55 GMT"
        }
      ],
      "EndpointProperties": [
        {
          "Name": "fingerprint",
          "Value": "qts6373f95"
        },
        {
          "Name": "integrity",
          "Value": "sha256-ktnzp9TQWJLJfVhBfyKiUeVBNTNxNn6sowuFMmulAJk="
        },
        {
          "Name": "label",
          "Value": "uploads/avatars/5_620a373036c143a395c866054756beca.png"
        }
      ]
    },
    {
      "Route": "uploads/doctors/doctor_4_1fdd1c2a4a584db68db899829494aadd.7n70ezu8s5.jpg",
      "AssetFile": "uploads/doctors/doctor_4_1fdd1c2a4a584db68db899829494aadd.jpg",
      "Selectors": [],
      "ResponseHeaders": [
        {
          "Name": "Accept-Ranges",
          "Value": "bytes"
        },
        {
          "Name": "Cache-Control",
          "Value": "max-age=31536000, immutable"
        },
        {
          "Name": "Content-Length",
          "Value": "95160"
        },
        {
          "Name": "Content-Type",
          "Value": "image/jpeg"
        },
        {
          "Name": "ETag",
          "Value": "\"Tb+ulcp7Ii/4hdomZMu65a+T68wzd6sfnNtFyTKpA9U=\""
        },
        {
          "Name": "Last-Modified",
          "Value": "Fri, 07 Nov 2025 12:25:21 GMT"
        }
      ],
      "EndpointProperties": [
        {
          "Name": "fingerprint",
          "Value": "7n70ezu8s5"
        },
        {
          "Name": "integrity",
          "Value": "sha256-Tb+ulcp7Ii/4hdomZMu65a+T68wzd6sfnNtFyTKpA9U="
        },
        {
          "Name": "label",
          "Value": "uploads/doctors/doctor_4_1fdd1c2a4a584db68db899829494aadd.jpg"
        }
      ]
    },
    {
      "Route": "uploads/doctors/doctor_4_1fdd1c2a4a584db68db899829494aadd.jpg",
      "AssetFile": "uploads/doctors/doctor_4_1fdd1c2a4a584db68db899829494aadd.jpg",
      "Selectors": [],
      "ResponseHeaders": [
        {
          "Name": "Accept-Ranges",
          "Value": "bytes"
        },
        {
          "Name": "Cache-Control",
          "Value": "max-age=3600, must-revalidate"
        },
        {
          "Name": "Content-Length",
          "Value": "95160"
        },
        {
          "Name": "Content-Type",
          "Value": "image/jpeg"
        },
        {
          "Name": "ETag",
          "Value": "\"Tb+ulcp7Ii/4hdomZMu65a+T68wzd6sfnNtFyTKpA9U=\""
        },
        {
          "Name": "Last-Modified",
          "Value": "Fri, 07 Nov 2025 12:25:21 GMT"
        }
      ],
      "EndpointProperties": [
        {
          "Name": "integrity",
          "Value": "sha256-Tb+ulcp7Ii/4hdomZMu65a+T68wzd6sfnNtFyTKpA9U="
        }
      ]
    },
    {
      "Route": "uploads/doctors/doctor_4_2bc7779165664fa5a637c800f3ee5742.dw9z6omagz.jpg",
      "AssetFile": "uploads/doctors/doctor_4_2bc7779165664fa5a637c800f3ee5742.jpg",
      "Selectors": [],
      "ResponseHeaders": [
        {
          "Name": "Accept-Ranges",
          "Value": "bytes"
        },
        {
          "Name": "Cache-Control",
          "Value": "max-age=31536000, immutable"
        },
        {
          "Name": "Content-Length",
          "Value": "49533"
        },
        {
          "Name": "Content-Type",
          "Value": "image/jpeg"
        },
        {
          "Name": "ETag",
          "Value": "\"3SI4qLPplXoAwgSYfNRnOeXOMKfMYCoPPj8TmW22Uk0=\""
        },
        {
          "Name": "Last-Modified",
          "Value": "Mon, 27 Oct 2025 09:10:18 GMT"
        }
      ],
      "EndpointProperties": [
        {
          "Name": "fingerprint",
          "Value": "dw9z6omagz"
        },
        {
          "Name": "integrity",
          "Value": "sha256-3SI4qLPplXoAwgSYfNRnOeXOMKfMYCoPPj8TmW22Uk0="
        },
        {
          "Name": "label",
          "Value": "uploads/doctors/doctor_4_2bc7779165664fa5a637c800f3ee5742.jpg"
        }
      ]
    },
    {
      "Route": "uploads/doctors/doctor_4_2bc7779165664fa5a637c800f3ee5742.jpg",
      "AssetFile": "uploads/doctors/doctor_4_2bc7779165664fa5a637c800f3ee5742.jpg",
      "Selectors": [],
      "ResponseHeaders": [
        {
          "Name": "Accept-Ranges",
          "Value": "bytes"
        },
        {
          "Name": "Cache-Control",
          "Value": "max-age=3600, must-revalidate"
        },
        {
          "Name": "Content-Length",
          "Value": "49533"
        },
        {
          "Name": "Content-Type",
          "Value": "image/jpeg"
        },
        {
          "Name": "ETag",
          "Value": "\"3SI4qLPplXoAwgSYfNRnOeXOMKfMYCoPPj8TmW22Uk0=\""
        },
        {
          "Name": "Last-Modified",
          "Value": "Mon, 27 Oct 2025 09:10:18 GMT"
        }
      ],
      "EndpointProperties": [
        {
          "Name": "integrity",
          "Value": "sha256-3SI4qLPplXoAwgSYfNRnOeXOMKfMYCoPPj8TmW22Uk0="
        }
      ]
    },
    {
      "Route": "uploads/doctors/doctor_4_b0fe719fde524a7381f25e131c54f540.dw9z6omagz.jpg",
      "AssetFile": "uploads/doctors/doctor_4_b0fe719fde524a7381f25e131c54f540.jpg",
      "Selectors": [],
      "ResponseHeaders": [
        {
          "Name": "Accept-Ranges",
          "Value": "bytes"
        },
        {
          "Name": "Cache-Control",
          "Value": "max-age=31536000, immutable"
        },
        {
          "Name": "Content-Length",
          "Value": "49533"
        },
        {
          "Name": "Content-Type",
          "Value": "image/jpeg"
        },
        {
          "Name": "ETag",
          "Value": "\"3SI4qLPplXoAwgSYfNRnOeXOMKfMYCoPPj8TmW22Uk0=\""
        },
        {
          "Name": "Last-Modified",
          "Value": "Mon, 27 Oct 2025 09:17:22 GMT"
        }
      ],
      "EndpointProperties": [
        {
          "Name": "fingerprint",
          "Value": "dw9z6omagz"
        },
        {
          "Name": "integrity",
          "Value": "sha256-3SI4qLPplXoAwgSYfNRnOeXOMKfMYCoPPj8TmW22Uk0="
        },
        {
          "Name": "label",
          "Value": "uploads/doctors/doctor_4_b0fe719fde524a7381f25e131c54f540.jpg"
        }
      ]
    },
    {
      "Route": "uploads/doctors/doctor_4_b0fe719fde524a7381f25e131c54f540.jpg",
      "AssetFile": "uploads/doctors/doctor_4_b0fe719fde524a7381f25e131c54f540.jpg",
      "Selectors": [],
      "ResponseHeaders": [
        {
          "Name": "Accept-Ranges",
          "Value": "bytes"
        },
        {
          "Name": "Cache-Control",
          "Value": "max-age=3600, must-revalidate"
        },
        {
          "Name": "Content-Length",
          "Value": "49533"
        },
        {
          "Name": "Content-Type",
          "Value": "image/jpeg"
        },
        {
          "Name": "ETag",
          "Value": "\"3SI4qLPplXoAwgSYfNRnOeXOMKfMYCoPPj8TmW22Uk0=\""
        },
        {
          "Name": "Last-Modified",
          "Value": "Mon, 27 Oct 2025 09:17:22 GMT"
        }
      ],
      "EndpointProperties": [
        {
          "Name": "integrity",
          "Value": "sha256-3SI4qLPplXoAwgSYfNRnOeXOMKfMYCoPPj8TmW22Uk0="
        }
      ]
    }
  ]
}