{
  "Version": 1,
  "ManifestType": "Publish",
  "Endpoints": [
    {
      "Route": "swagger-ui/fomedLogo.png",
      "AssetFile": "swagger-ui/fomedLogo.png",
      "Selectors": [],
      "ResponseHeaders": [
        {
          "Name": "Accept-Ranges",
          "Value": "bytes"
        },
        {
          "Name": "Cache-Control",
          "Value": "max-age=3600, must-revalidate"
        },
        {
          "Name": "Content-Length",
          "Value": "29163"
        },
        {
          "Name": "Content-Type",
          "Value": "image/png"
        },
        {
          "Name": "ETag",
          "Value": "\"HzXgrAnpQ5RZK5q30BX5YkNjJqBtpFCPNN8r3aA5NFw=\""
        },
        {
          "Name": "Last-Modified",
          "Value": "Fri, 10 Oct 2025 02:47:24 GMT"
        }
      ],
      "EndpointProperties": [
        {
          "Name": "integrity",
          "Value": "sha256-HzXgrAnpQ5RZK5q30BX5YkNjJqBtpFCPNN8r3aA5NFw="
        }
      ]
    },
    {
      "Route": "swagger-ui/fomedLogo.rp4dwr7kxr.png",
      "AssetFile": "swagger-ui/fomedLogo.png",
      "Selectors": [],
      "ResponseHeaders": [
        {
          "Name": "Accept-Ranges",
          "Value": "bytes"
        },
        {
          "Name": "Cache-Control",
          "Value": "max-age=31536000, immutable"
        },
        {
          "Name": "Content-Length",
          "Value": "29163"
        },
        {
          "Name": "Content-Type",
          "Value": "image/png"
        },
        {
          "Name": "ETag",
          "Value": "\"HzXgrAnpQ5RZK5q30BX5YkNjJqBtpFCPNN8r3aA5NFw=\""
        },
        {
          "Name": "Last-Modified",
          "Value": "Fri, 10 Oct 2025 02:47:24 GMT"
        }
      ],
      "EndpointProperties": [
        {
          "Name": "fingerprint",
          "Value": "rp4dwr7kxr"
        },
        {
          "Name": "integrity",
          "Value": "sha256-HzXgrAnpQ5RZK5q30BX5YkNjJqBtpFCPNN8r3aA5NFw="
        },
        {
          "Name": "label",
          "Value": "swagger-ui/fomedLogo.png"
        }
      ]
    },
    {
      "Route": "uploads/avatars/1_741336e56a5b43c59e1a2e7e1023421e.dw9z6omagz.jpg",
      "AssetFile": "uploads/avatars/1_741336e56a5b43c59e1a2e7e1023421e.jpg",
      "Selectors": [],
      "ResponseHeaders": [
        {
          "Name": "Accept-Ranges",
          "Value": "bytes"
        },
        {
          "Name": "Cache-Control",
          "Value": "max-age=31536000, immutable"
        },
        {
          "Name": "Content-Length",
          "Value": "49533"
        },
        {
          "Name": "Content-Type",
          "Value": "image/jpeg"
        },
        {
          "Name": "ETag",
          "Value": "\"3SI4qLPplXoAwgSYfNRnOeXOMKfMYCoPPj8TmW22Uk0=\""
        },
        {
          "Name": "Last-Modified",
          "Value": "Fri, 10 Oct 2025 02:47:24 GMT"
        }
      ],
      "EndpointProperties": [
        {
          "Name": "fingerprint",
          "Value": "dw9z6omagz"
        },
        {
          "Name": "integrity",
          "Value": "sha256-3SI4qLPplXoAwgSYfNRnOeXOMKfMYCoPPj8TmW22Uk0="
        },
        {
          "Name": "label",
          "Value": "uploads/avatars/1_741336e56a5b43c59e1a2e7e1023421e.jpg"
        }
      ]
    },
    {
      "Route": "uploads/avatars/1_741336e56a5b43c59e1a2e7e1023421e.jpg",
      "AssetFile": "uploads/avatars/1_741336e56a5b43c59e1a2e7e1023421e.jpg",
      "Selectors": [],
      "ResponseHeaders": [
        {
          "Name": "Accept-Ranges",
          "Value": "bytes"
        },
        {
          "Name": "Cache-Control",
          "Value": "max-age=3600, must-revalidate"
        },
        {
          "Name": "Content-Length",
          "Value": "49533"
        },
        {
          "Name": "Content-Type",
          "Value": "image/jpeg"
        },
        {
          "Name": "ETag",
          "Value": "\"3SI4qLPplXoAwgSYfNRnOeXOMKfMYCoPPj8TmW22Uk0=\""
        },
        {
          "Name": "Last-Modified",
          "Value": "Fri, 10 Oct 2025 02:47:24 GMT"
        }
      ],
      "EndpointProperties": [
        {
          "Name": "integrity",
          "Value": "sha256-3SI4qLPplXoAwgSYfNRnOeXOMKfMYCoPPj8TmW22Uk0="
        }
      ]
    }
  ]
}